LGA_CODE_2016,P15_19_Managers,P15_19_Professionals,P15_19_TechnicTrades_Wrs,P15_19_CommunPersnlSvc_W,P15_19_ClericalAdminis_W,P15_19_Sales_W,P15_19_Mach_oper_drivers,P15_19_Labourers,P15_19_Occu_ID_NS,P15_19_Tot,P20_24_Managers,P20_24_Professionals,P20_24_TechnicTrades_W,P20_24_CommunPersnlSvc_W,P20_24_ClericalAdminis_W,P20_24_Sales_W,P20_24_Mach_oper_drivers,P20_24_Labourers,P20_24_Occu_ID_NS,P20_24_Tot,P25_34_Managers,P25_34_Professionals,P25_34_TechnicTrades_W,P25_34_CommunPersnlSvc_W,P25_34_ClericalAdminis_W,P25_34_Sales_W,P25_34_Mach_oper_drivers,P25_34_Labourers,P25_34_Occu_ID_NS,P25_34_Tot,P35_44_Managers,P35_44_Professionals,P35_44_TechnicTrades_W,P35_44_CommunPersnlSvc_W,P35_44_ClericalAdminis_W,P35_44_Sales_W,P35_44_Mach_oper_drivers,P35_44_Labourers,P35_44_Occu_ID_NS,P35_44_Tot,P45_54_Managers,P45_54_Professionals,P45_54_TechnicTrades_W,P45_54_CommunPersnlSvc_W,P45_54_ClericalAdminis_W,P45_54_Sales_W,P45_54_Mach_oper_drivers,P45_54_Labourers,P45_54_Occu_ID_NS,P45_54_Tot,P55_64_Managers,P55_64_Professionals,P55_64_TechnicTrades_W,P55_64_CommunPersnlSvc_W,P55_64_ClericalAdminis_W,P55_64_Sales_W,P55_64_Mach_oper_drivers,P55_64_Labourers,P55_64_Occu_ID_NS,P55_64_Tot,P65_74_Managers,P65_74_Professionals,P65_74_TechnicTrades_W,P65_74_CommunPersnlSvc_W,P65_74_ClericalAdminis_W,P65_74_Sales_W,P65_74_Mach_oper_drivers,P65_74_Labourers,P65_74_Occu_ID_NS,P65_74_Tot,P75_84_Managers,P75_84_Professionals,P75_84_TechnicTrades_W,P75_84_CommunPersnlSvc_W,P75_84_ClericalAdminis_W,P75_84_Sales_W,P75_84_Mach_oper_drivers,P75_84_Labourers,P75_84_Occu_ID_NS,P75_84_Tot,P85_ov_Managers,P85_ov_Professionals,P85_ov_TechnicTrades_W,P85_ov_CommunPersnlSvc_W,P85_ov_ClericalAdminis_W,P85_ov_Sales_W,P85_ov_Mach_oper_drivers,P85_ov_Labourers,P85_ov_Occu_ID_NS,P85_ov_Tot,P_Tot_Managers,P_Tot_Professionals,P_Tot_TechnicTrades_W,P_Tot_CommunPersnlSvc_W,P_Tot_ClericalAdminis_W,P_Tot_Sales_W,P_Tot_Mach_oper_drivers,P_Tot_Labourers,P_Tot_Occu_ID_NS,P_Tot_Tot
LGA30250,0,0,6,4,0,0,0,0,0,11,0,0,3,6,3,0,0,3,0,21,7,7,10,17,0,4,0,5,0,54,0,11,12,15,0,0,4,9,3,52,10,8,11,11,7,0,0,3,3,49,3,5,3,9,5,0,3,6,0,33,0,0,0,0,0,0,0,0,0,4,0,0,0,0,0,0,0,0,0,0,0,0,0,0,0,0,0,0,0,0,19,36,37,55,18,8,13,35,13,231
LGA30300,5,0,19,11,3,32,9,37,3,116,10,20,32,22,16,15,8,36,0,154,72,70,40,32,53,30,20,71,3,389,111,62,32,44,48,32,46,41,8,422,137,55,38,42,50,27,45,83,6,486,122,38,36,23,39,16,29,73,5,398,54,10,19,3,13,13,14,15,3,143,25,0,0,0,0,0,0,5,0,31,4,0,0,0,0,0,0,0,0,6,544,262,222,189,220,160,176,355,30,2149
LGA30370,15,3,78,47,23,124,12,103,4,416,25,50,150,50,61,50,54,129,6,570,185,226,302,92,149,63,176,241,9,1444,233,173,246,109,170,90,246,218,21,1503,359,131,192,100,172,83,285,208,29,1564,341,93,162,70,85,49,188,169,17,1173,206,30,20,13,20,9,53,39,8,399,80,7,5,0,4,0,3,5,4,113,11,0,0,0,0,0,0,0,0,13,1455,711,1150,485,688,472,1016,1107,101,7185
LGA30410,3,3,11,8,3,15,0,16,0,67,0,18,26,15,6,3,8,43,7,128,58,56,23,27,22,7,16,40,3,251,60,38,20,23,32,17,17,42,0,260,109,26,32,20,43,12,41,56,3,344,111,17,18,20,36,10,30,35,0,278,40,7,0,5,0,0,11,23,3,93,18,3,0,0,0,0,0,4,3,28,0,0,0,0,0,0,0,0,0,0,402,162,136,127,148,68,119,255,23,1447
LGA30450,0,5,4,0,0,0,0,4,0,10,0,3,0,0,0,0,0,8,0,15,4,0,4,0,3,0,3,5,0,25,4,3,3,0,6,0,3,4,0,20,20,0,7,3,7,0,6,7,3,55,14,0,5,0,3,0,9,3,0,31,4,0,0,0,3,0,0,3,0,10,0,0,0,0,0,0,0,0,0,0,0,0,0,0,0,0,0,0,0,0,47,10,23,6,22,0,24,35,4,167
LGA30760,0,0,6,4,0,13,0,12,0,37,3,14,9,3,8,6,4,6,0,49,28,26,30,12,16,15,15,25,3,164,46,19,12,22,17,11,11,43,9,186,57,17,16,20,15,9,19,30,0,186,81,9,19,26,13,10,12,31,6,207,32,6,6,4,6,3,5,9,0,76,12,0,0,0,0,0,0,3,3,16,0,0,0,0,0,0,0,0,0,0,261,84,100,90,78,72,67,158,23,932
LGA30900,0,3,0,0,0,0,0,8,0,14,0,0,0,0,0,0,3,23,0,29,6,3,10,4,8,0,3,15,0,52,4,0,5,0,0,0,6,5,0,31,11,0,3,3,3,0,3,7,0,33,21,5,0,4,3,0,3,6,0,47,3,0,0,0,0,0,3,4,0,12,0,0,0,0,0,0,0,0,0,3,0,0,0,0,0,0,0,0,0,0,51,13,16,14,18,4,21,71,3,218
LGA31000,409,1059,2208,6057,2211,9958,752,4921,373,27950,3041,11517,7567,11852,8678,10610,2349,6313,925,62856,15913,50888,18196,14529,19719,10316,5531,10241,2458,147792,21516,46250,13161,9858,18525,6753,4838,6606,2013,129524,20073,35056,10858,8974,18539,6498,4993,6945,1672,113603,10734,20201,6656,5427,12408,4533,3886,5289,943,70061,2467,4862,1316,1027,2887,1464,999,1347,306,16676,307,525,124,56,228,174,63,160,136,1771,31,53,8,10,21,19,7,15,45,220,74499,170408,60094,57786,83218,50309,23423,41841,8880,570455
LGA31750,0,0,0,0,0,3,0,3,0,9,0,0,3,0,0,0,3,4,0,17,11,0,6,0,11,0,3,11,4,38,9,0,10,8,9,0,8,3,3,41,13,3,3,0,6,0,3,9,3,40,26,0,9,0,4,3,13,10,0,58,9,0,0,0,0,0,0,0,3,12,0,0,0,0,0,0,0,0,0,0,0,0,0,0,0,0,0,0,0,4,63,10,30,12,33,6,30,36,12,220
LGA31820,35,21,246,355,137,958,74,546,28,2394,197,215,531,420,249,430,167,595,35,2845,600,1002,1035,664,636,505,462,1022,88,6019,866,1302,998,793,805,506,589,800,106,6758,1064,1345,991,955,1136,589,780,1060,108,8022,828,1010,839,688,819,468,655,913,87,6301,332,184,145,99,195,84,139,190,33,1404,80,22,8,8,22,14,12,14,23,202,8,0,0,0,4,3,0,0,5,26,4007,5104,4791,3971,3996,3561,2882,5139,525,33970
LGA31900,8,13,114,60,17,182,13,92,14,522,54,56,183,75,51,56,56,137,14,669,138,200,245,112,129,76,140,196,12,1258,246,199,215,144,187,95,208,208,20,1521,362,194,188,158,235,105,231,303,24,1801,311,151,172,139,180,73,210,292,19,1547,139,36,47,29,42,18,39,65,4,421,53,3,0,3,9,4,0,4,6,86,4,0,0,0,0,0,0,0,3,10,1309,847,1168,719,859,612,908,1297,124,7841
LGA31950,0,0,0,0,3,0,0,3,0,8,0,3,4,4,0,0,0,6,0,20,6,7,0,0,8,0,3,6,3,29,5,3,4,0,3,0,0,15,0,30,4,0,3,0,3,0,0,5,0,22,7,3,3,3,4,0,0,5,0,35,4,3,0,0,0,0,0,0,0,9,0,0,0,0,0,0,0,0,0,0,0,0,0,0,0,0,0,0,0,0,32,14,17,6,24,7,7,31,3,147
LGA32080,63,78,464,733,206,1676,81,718,68,4088,267,712,1202,1121,603,916,232,719,93,5861,1353,3276,2788,2280,1743,1204,735,1199,232,14803,1955,3677,2533,2325,2367,1266,873,1389,281,16664,2237,3410,2164,2063,2439,1397,1062,1552,285,16617,1567,2215,1382,1206,1756,973,826,1215,165,11314,380,513,278,221,398,299,255,307,72,2727,84,41,15,14,31,31,18,33,27,289,16,11,3,0,0,6,0,3,9,46,7928,13932,10827,9952,9542,7770,4085,7136,1232,72405
LGA32250,0,0,4,10,0,0,3,18,0,42,3,10,9,15,3,6,0,22,4,72,13,23,28,27,18,0,3,33,8,153,27,27,16,25,16,11,8,19,6,153,29,28,21,24,30,3,10,30,8,180,22,21,22,15,22,8,17,34,6,166,11,0,6,4,5,0,4,12,0,47,0,0,0,0,0,0,0,0,0,3,0,0,0,0,0,0,0,0,0,0,122,99,113,112,89,25,56,165,26,813
LGA32260,20,8,127,73,30,222,24,188,9,710,74,72,181,103,78,77,66,295,15,963,248,263,354,191,184,130,175,545,38,2119,342,259,305,242,239,148,193,406,25,2170,487,329,353,295,335,170,304,500,46,2817,408,304,303,231,293,180,305,460,29,2515,187,67,53,40,59,59,70,88,27,647,59,11,11,4,8,7,4,8,11,130,9,0,0,0,3,0,0,0,0,15,1847,1317,1680,1176,1220,989,1140,2499,209,12084
LGA32270,18,11,128,93,43,212,30,176,14,725,64,132,284,105,107,126,138,234,11,1214,316,507,719,210,339,186,567,358,29,3232,447,369,568,201,336,172,636,273,61,3064,550,293,387,183,358,170,609,273,50,2861,381,149,242,82,211,98,416,221,27,1832,183,25,47,13,25,19,66,54,11,448,45,0,3,0,4,5,3,4,3,71,8,0,0,0,3,0,0,3,0,16,2016,1485,2374,896,1429,991,2470,1599,205,13460
LGA32310,5,8,42,42,10,108,10,96,11,336,11,47,79,49,32,49,8,71,3,358,73,155,144,78,69,56,80,121,12,783,164,146,146,98,115,62,125,101,10,964,193,152,122,126,110,45,145,133,10,1030,159,97,96,89,81,38,116,132,21,827,68,26,18,22,26,14,16,39,6,235,26,4,0,0,0,0,0,3,3,38,3,0,0,0,0,0,0,0,0,8,704,639,647,505,440,378,506,689,72,4579
LGA32330,0,0,0,3,0,0,0,0,0,3,0,3,0,4,0,0,0,0,0,10,0,5,3,10,0,0,3,4,0,26,0,0,3,13,4,0,3,8,0,35,0,3,4,12,5,0,0,8,0,27,4,9,0,4,4,0,0,9,0,30,0,0,0,3,0,0,0,0,0,0,0,0,0,0,0,0,0,0,0,0,0,0,0,0,0,0,0,0,0,0,8,14,9,47,20,0,6,26,0,127
LGA32450,3,0,5,6,4,14,0,31,3,68,7,25,23,8,18,4,13,35,0,136,41,80,67,34,51,16,67,46,5,401,42,37,56,26,31,6,64,32,4,303,43,34,49,9,37,10,73,33,6,294,31,31,29,9,32,12,51,36,5,241,22,3,6,5,8,3,7,5,3,68,3,0,0,0,4,0,0,3,0,7,0,0,0,0,0,0,0,0,0,0,193,204,229,107,190,67,280,220,25,1520
LGA32500,4,3,13,20,3,11,3,17,0,76,5,15,24,22,13,12,10,45,5,156,32,65,47,46,22,12,28,63,4,325,52,85,54,33,38,13,23,42,9,338,66,51,37,37,48,23,36,58,6,361,59,75,38,38,36,20,26,52,8,350,28,11,7,3,12,6,12,11,3,94,3,0,0,0,0,3,0,0,0,15,0,0,0,0,0,0,0,0,0,0,248,305,223,198,164,99,139,291,37,1707
LGA32600,0,0,0,0,0,0,0,0,0,0,0,0,0,0,0,0,0,7,3,9,9,0,3,5,0,0,3,3,0,23,3,3,0,5,3,0,0,0,0,18,7,0,4,0,0,0,3,8,4,29,8,0,5,0,0,0,3,3,0,20,0,0,0,0,0,0,0,0,0,3,3,0,0,0,0,0,0,0,0,3,0,0,0,0,0,0,0,0,0,0,31,6,11,15,10,3,11,23,3,110
LGA32750,0,0,3,0,0,3,0,6,0,13,0,0,3,4,0,0,0,12,0,19,10,0,3,3,7,3,0,10,0,38,7,3,9,5,3,0,3,5,0,32,10,3,4,7,7,0,3,3,0,33,12,0,7,3,3,0,3,0,0,28,3,3,0,0,0,0,0,0,0,11,0,0,0,0,0,0,0,0,0,0,0,0,0,0,0,0,0,0,0,0,33,14,21,21,22,12,8,38,0,164
LGA32770,0,0,0,0,0,3,3,0,0,12,4,3,3,10,5,0,0,3,0,31,0,17,7,23,5,3,0,8,3,71,8,8,11,22,13,5,3,15,3,87,3,5,3,15,7,3,0,9,3,47,0,3,6,8,3,0,0,5,3,31,0,0,0,0,0,0,0,0,0,0,0,0,0,0,0,0,0,0,0,0,0,0,0,0,0,0,0,0,0,0,21,38,24,82,32,15,10,43,12,279
LGA32810,8,3,39,47,8,68,3,63,3,242,12,28,86,96,21,26,7,55,5,344,145,142,216,215,91,74,29,147,21,1074,175,150,209,183,130,100,51,129,18,1140,192,175,195,153,154,129,74,184,29,1288,195,120,123,122,113,102,77,177,14,1044,84,38,23,15,39,33,30,40,4,311,18,10,0,0,7,3,4,4,3,55,7,3,0,0,0,0,0,0,0,5,840,667,886,837,561,533,271,805,106,5509
LGA33100,3,0,4,0,0,0,0,12,0,20,4,3,0,3,3,0,4,8,0,22,7,15,7,6,9,0,0,18,0,67,15,6,8,3,5,0,9,5,0,57,43,3,8,7,11,0,9,17,3,95,31,3,3,4,8,0,3,16,0,66,10,3,0,0,3,0,0,9,0,24,5,0,0,0,0,0,0,0,0,4,0,0,0,0,0,0,0,0,0,0,114,31,35,26,33,6,30,88,5,360
LGA33200,4,0,5,8,6,6,3,18,0,42,0,3,12,6,4,6,5,21,0,74,26,11,22,14,11,3,16,26,0,130,42,15,9,4,8,11,13,20,0,118,60,14,6,20,14,6,27,23,5,182,58,8,20,9,12,0,18,19,3,145,54,0,3,0,3,3,3,13,6,87,17,0,0,0,0,0,0,0,3,21,0,0,0,0,0,0,0,0,0,5,256,54,70,55,72,40,81,147,10,795
LGA33220,20,22,238,333,106,874,56,431,37,2126,97,229,482,422,171,404,138,389,39,2380,449,961,955,780,584,491,311,588,71,5201,718,1307,1055,1037,888,557,462,689,88,6796,862,1390,1053,1192,1157,652,650,943,109,8010,715,1009,813,906,878,477,587,812,81,6277,241,212,123,115,162,127,107,157,48,1293,59,18,13,9,15,6,12,17,17,160,10,3,3,0,0,3,0,0,0,27,3182,5164,4737,4790,3965,3595,2321,4028,492,32271
LGA33360,23,12,277,214,66,617,44,385,24,1673,85,238,653,302,238,279,182,349,33,2359,447,932,1422,550,601,390,595,726,101,5758,627,1028,1448,569,699,332,789,660,106,6267,717,892,1235,538,789,403,952,759,125,6419,471,462,672,264,443,225,708,528,53,3823,177,102,78,34,81,43,88,79,20,701,37,5,4,0,8,3,0,8,3,73,0,0,3,0,0,0,0,0,0,9,2580,3681,5789,2481,2918,2293,3366,3498,466,27074
LGA33430,239,322,1575,2812,820,5769,431,2890,264,15129,1347,2952,4089,4697,2739,4651,987,3018,410,24893,6339,12009,10162,7113,6806,5277,2553,5163,899,56327,8552,12836,9159,6238,8095,4782,2755,4531,1040,57982,8545,10409,7897,6114,8878,5333,3194,4893,941,56207,5395,6918,4806,3728,6251,4115,2507,3810,594,38119,1648,1990,1082,730,1663,1497,761,1058,271,10689,214,209,68,56,143,141,51,114,84,1082,27,18,5,7,10,12,3,7,33,114,32304,47673,38843,31490,35396,31582,13244,25481,4535,260548
LGA33610,7,3,45,36,11,74,16,66,3,268,30,34,88,59,31,39,35,80,0,391,136,152,157,88,109,56,86,155,10,942,199,148,109,96,118,67,92,110,12,938,265,120,112,96,143,66,108,136,16,1067,227,101,79,73,92,54,109,144,15,891,107,15,16,10,21,23,39,38,6,275,42,0,3,0,9,0,3,4,0,67,4,0,3,0,0,0,0,3,0,15,1011,566,608,450,538,388,484,739,65,4855
LGA33620,20,15,160,153,59,382,34,280,40,1141,55,83,282,176,106,195,88,286,16,1282,257,337,583,314,295,266,249,429,41,2771,394,502,611,404,438,279,308,470,40,3442,580,622,596,543,518,362,457,612,66,4360,585,506,456,362,434,231,350,497,63,3476,279,107,73,57,94,59,83,91,24,867,67,20,7,7,6,3,3,8,24,140,14,3,5,0,0,0,0,0,0,23,2239,2191,2764,2008,1959,1775,1575,2677,309,17499
LGA33800,0,9,61,37,9,101,4,52,6,287,7,41,100,32,29,23,24,41,0,294,48,106,145,63,64,42,73,80,4,630,89,131,110,82,100,71,104,99,6,787,177,130,155,133,167,64,164,137,10,1143,186,116,125,110,87,57,135,134,15,965,138,22,31,24,31,20,35,36,11,348,53,0,3,3,10,3,3,8,5,92,9,0,0,0,0,0,0,0,3,12,704,558,738,496,499,373,554,588,60,4562
LGA33830,0,0,0,3,0,0,0,3,0,9,0,0,0,4,7,0,6,7,4,23,3,6,6,14,10,0,6,4,3,59,10,7,3,4,7,0,14,4,3,59,3,5,6,10,0,0,7,9,3,49,3,4,0,5,0,0,0,3,3,23,0,0,0,0,0,0,0,0,0,3,0,0,0,0,0,0,0,0,0,0,0,0,0,0,0,0,0,0,0,0,15,30,19,45,26,3,31,43,15,230
LGA33960,97,66,596,764,294,1891,187,1133,86,5104,419,738,1664,1392,1121,1361,741,1373,161,8957,1691,3557,3741,2595,3128,1641,1988,2294,413,21053,2077,3476,2749,2337,2937,1259,1891,2062,354,19149,2025,2537,2368,2147,2870,1141,2029,2109,298,17523,1055,1547,1327,1286,1693,668,1275,1436,157,10441,200,310,237,211,234,133,252,228,48,1856,28,26,20,8,13,17,19,28,9,174,5,0,4,0,3,0,0,0,7,18,7596,12254,12705,10747,12294,8118,8383,10654,1534,84285
LGA33980,8,3,87,69,27,112,32,135,4,482,32,110,202,70,76,63,108,166,9,833,243,439,673,163,240,86,577,201,33,2653,320,277,536,163,232,82,673,192,34,2507,308,154,363,104,185,79,589,214,32,2030,258,58,189,38,95,38,341,161,17,1196,95,15,19,3,16,6,40,29,6,233,20,0,3,0,0,0,3,7,0,40,7,0,0,0,0,0,0,0,0,8,1291,1063,2067,606,869,467,2364,1112,135,9972
LGA34420,0,0,0,3,0,0,0,0,0,4,0,3,3,5,0,0,0,6,0,26,5,11,4,13,4,5,0,9,4,46,3,9,6,20,6,0,3,10,0,50,5,0,8,13,3,3,6,12,3,54,8,9,4,6,0,3,3,0,0,41,4,0,0,0,0,0,0,0,0,3,0,0,0,0,0,0,0,0,0,0,0,0,0,0,0,0,0,0,0,0,25,24,35,63,15,9,9,31,11,227
LGA34530,14,11,153,185,45,394,26,212,11,1059,58,85,335,198,118,156,75,157,21,1194,223,435,600,274,283,165,251,207,35,2468,400,572,638,365,428,204,345,261,52,3265,527,642,591,409,584,248,466,334,57,3862,421,508,420,280,401,188,356,272,55,2904,132,116,59,40,66,36,54,61,13,569,37,16,3,0,11,4,7,17,9,92,3,0,0,0,3,0,0,0,3,7,1812,2384,2804,1752,1943,1395,1570,1521,246,15425
LGA34570,0,0,3,3,0,0,0,8,0,18,0,3,0,8,0,0,0,0,3,13,3,14,4,13,6,0,3,5,3,51,4,3,8,6,4,0,3,7,7,37,5,3,0,6,3,0,3,14,0,36,0,10,3,7,0,0,0,6,0,23,0,0,0,0,0,0,3,0,3,7,0,0,0,0,0,0,0,0,0,0,0,0,0,0,0,0,0,0,0,0,10,35,19,39,11,4,12,45,21,189
LGA34580,29,17,154,135,65,343,26,278,16,1064,97,107,299,199,138,165,78,402,16,1516,341,378,508,260,285,176,285,685,46,2962,394,460,509,329,400,205,347,435,51,3129,528,477,484,397,504,253,438,546,49,3678,387,325,336,293,332,145,346,418,30,2615,176,74,66,49,83,41,92,76,20,678,44,10,3,3,7,5,7,12,7,105,0,0,0,0,3,0,3,0,3,11,2010,1855,2366,1668,1813,1338,1615,2855,245,15762
LGA34590,126,141,1141,1088,455,2765,411,1716,148,7988,595,1082,2711,1783,1540,2039,1253,2153,237,13396,2418,4629,5523,3038,4337,2312,3097,3597,535,29499,3386,4862,4795,3117,4683,2005,3207,3277,582,29919,3117,3727,4066,3000,4759,1949,3537,3354,499,27993,2001,2414,2786,1919,3276,1430,2503,2384,293,19010,454,525,472,326,641,321,561,475,87,3868,32,38,30,19,44,25,16,39,23,260,3,3,3,3,0,0,0,0,10,28,12127,17417,21527,14291,19730,12840,14597,17001,2417,131955
LGA34710,0,0,34,30,17,42,0,19,3,149,6,35,36,24,19,23,10,27,0,168,44,76,65,42,40,16,18,44,5,344,57,67,30,44,55,20,23,37,5,338,103,60,40,34,55,24,31,48,11,411,102,56,37,25,47,31,27,54,4,385,35,9,11,4,14,4,10,17,7,109,18,0,3,0,0,0,0,0,3,25,4,0,0,0,0,0,0,0,0,3,370,305,254,206,244,155,122,251,41,1938
LGA34770,44,66,569,448,167,1166,96,629,43,3233,158,495,1272,558,448,607,350,554,66,4512,817,2002,2871,943,1262,733,1275,956,160,11025,1283,1810,2369,948,1436,756,1454,987,197,11233,1560,1763,2029,1001,1734,865,1990,1226,203,12384,1144,1180,1206,646,1105,632,1397,963,140,8410,390,203,190,104,162,102,219,231,56,1665,110,14,10,4,12,12,11,27,27,237,7,3,3,0,7,3,0,0,11,27,5523,7538,10525,4659,6338,4875,6802,5563,894,52732
LGA34800,0,0,3,3,3,0,0,6,0,12,0,7,7,3,3,3,0,16,0,42,25,12,16,4,13,3,6,24,3,107,41,4,13,6,7,3,11,14,0,110,29,6,15,8,12,0,14,11,4,95,36,3,3,7,4,3,14,15,3,88,18,0,0,0,0,4,0,4,0,32,3,0,0,0,0,0,0,0,0,5,0,0,0,0,0,0,0,0,0,0,158,43,53,25,39,17,55,87,12,490
LGA34830,0,0,0,0,0,0,0,0,0,4,0,5,0,3,0,0,0,0,0,10,3,3,3,3,3,0,3,0,0,12,0,3,0,0,5,0,0,0,0,13,0,0,3,0,3,0,0,3,0,16,5,3,3,0,3,0,4,0,0,16,0,0,0,0,0,0,0,0,0,4,0,0,0,0,0,0,0,0,0,0,0,0,0,0,0,0,0,0,0,0,12,13,10,8,14,4,4,7,0,82
LGA34860,6,7,76,43,28,88,13,88,3,354,29,62,119,64,60,58,33,115,10,554,203,286,265,123,171,91,136,138,9,1421,264,175,145,107,186,80,112,152,15,1235,373,144,127,117,167,72,154,154,13,1319,301,109,97,74,112,40,104,137,22,997,179,22,19,16,30,20,24,39,7,355,84,0,3,0,4,3,3,4,5,107,16,0,0,0,0,0,0,0,0,20,1452,794,841,541,762,454,587,823,93,6356
LGA34880,9,6,70,75,19,163,13,110,9,474,53,36,108,65,44,61,25,160,4,556,162,193,230,161,119,66,82,281,17,1304,270,251,239,224,214,100,99,209,28,1636,360,292,270,260,304,148,174,251,44,2106,323,247,185,186,187,105,148,223,21,1641,148,57,33,23,41,43,35,73,15,475,47,8,3,8,8,4,3,9,3,83,5,0,0,0,0,0,0,0,0,8,1374,1097,1136,1010,935,693,578,1321,146,8284
LGA35010,191,246,1555,2075,723,4543,382,2601,235,12537,918,1480,3631,3058,2097,2799,991,2559,316,17835,3600,6498,7232,4505,5577,2998,2642,3910,621,37579,5667,9140,6788,4859,6920,2962,3012,3649,730,43727,6041,7899,5853,4951,7736,3278,3439,4040,657,43897,3271,4847,3576,3088,4896,2192,2576,2962,346,27753,736,972,602,475,947,579,533,658,148,5648,70,75,43,27,51,42,24,52,63,443,4,8,9,6,10,0,4,0,18,58,20505,31158,29278,23030,28947,19409,13599,20435,3131,189495
LGA35250,0,0,3,4,0,3,0,5,3,19,0,6,6,10,3,0,0,6,0,29,5,20,12,25,3,3,3,5,0,81,10,5,7,20,6,0,4,10,3,68,3,12,3,17,8,3,4,8,0,60,5,11,3,12,3,0,3,3,0,35,0,3,6,3,0,0,0,0,0,12,0,0,0,0,0,0,0,0,0,3,0,0,0,0,0,0,0,0,0,0,22,56,45,87,27,16,14,42,5,314
LGA35300,3,3,90,56,38,176,17,108,7,509,27,157,242,119,92,93,106,106,11,952,166,531,631,235,228,127,411,153,40,2526,173,312,443,184,229,97,312,143,39,1920,198,267,367,190,219,85,336,154,45,1855,113,129,213,73,123,63,203,132,21,1062,29,30,30,25,33,13,49,33,4,246,4,0,4,0,3,0,3,10,0,24,0,0,0,0,0,0,0,0,0,0,708,1439,2026,882,958,651,1437,836,170,9108
LGA35600,0,3,15,17,3,33,0,36,0,112,3,34,25,25,10,22,5,60,3,187,50,86,52,43,41,14,26,90,9,403,93,50,45,42,50,19,25,65,3,391,113,49,52,48,49,23,22,71,11,435,102,49,40,42,41,25,37,62,4,398,35,4,9,6,8,5,11,19,7,99,12,0,0,0,0,0,0,7,0,16,0,0,0,0,0,0,0,0,0,0,402,280,241,218,201,143,123,406,33,2046
LGA35670,0,0,0,0,0,0,0,0,0,0,0,5,5,0,0,0,0,7,0,23,0,5,11,3,0,4,6,3,0,40,4,4,4,8,0,0,11,3,0,38,3,5,6,9,3,0,7,4,0,38,0,0,5,0,3,0,3,3,0,12,3,0,0,0,0,0,0,0,0,3,0,0,0,0,0,0,0,0,0,0,0,0,0,0,0,0,0,0,0,0,5,20,32,22,10,3,35,22,4,153
LGA35740,16,20,183,308,55,460,24,299,16,1381,61,82,280,269,105,215,41,214,23,1288,303,491,637,425,294,239,128,291,30,2842,686,1015,803,546,513,375,191,411,83,4611,894,1256,860,709,727,568,254,575,83,5924,692,960,556,470,622,471,246,498,68,4579,254,292,90,68,175,166,66,109,29,1247,28,30,11,7,14,12,3,7,12,126,5,0,3,0,0,0,0,0,0,10,2935,4148,3407,2792,2509,2503,956,2404,347,22007
LGA35760,10,0,42,27,12,54,5,74,7,238,14,17,38,27,26,24,21,115,4,282,106,82,66,48,57,33,68,231,17,706,173,81,81,68,76,48,76,142,17,765,271,91,81,103,99,45,101,189,20,1012,227,81,68,89,89,44,87,167,11,857,193,23,14,14,22,15,24,46,10,367,71,0,0,0,0,3,0,3,3,91,14,0,0,0,0,0,0,0,0,11,1081,370,402,388,384,272,384,962,95,4334
LGA35780,6,0,7,3,5,15,3,15,3,59,0,9,9,23,13,8,9,21,3,88,24,24,25,49,32,10,17,25,3,200,12,23,30,37,20,11,12,14,0,171,28,35,10,22,22,5,9,22,0,157,18,17,15,20,9,10,3,13,0,111,0,3,0,0,3,3,0,3,0,13,0,0,0,0,0,0,0,0,0,0,0,0,0,0,0,0,0,0,0,0,89,112,96,161,101,57,57,109,18,804
LGA35790,3,3,0,6,4,3,0,0,3,27,3,0,0,21,4,0,0,3,0,34,3,25,12,37,12,0,3,6,0,98,3,14,8,25,20,7,0,19,3,100,9,28,13,37,7,0,11,22,4,131,7,13,6,29,8,3,3,13,3,77,0,3,0,0,0,0,4,0,0,9,0,0,0,0,0,0,0,0,0,0,0,0,0,0,0,0,0,0,0,0,30,85,49,155,55,16,22,73,15,487
LGA35800,0,0,5,3,0,3,0,3,0,22,5,13,3,4,8,6,3,12,0,51,28,21,15,12,17,3,11,25,3,136,31,16,13,12,10,7,9,12,5,115,56,21,10,15,18,3,9,28,3,160,73,19,13,15,18,6,11,14,3,172,36,3,6,0,3,4,3,4,0,60,14,0,0,0,0,0,0,0,0,16,0,0,0,0,0,0,0,0,0,0,247,82,72,70,71,31,43,92,16,720
LGA36070,0,0,10,3,0,0,0,3,0,13,0,4,3,11,0,0,0,3,0,22,3,5,3,9,5,0,3,9,0,37,6,5,5,9,9,3,5,8,0,55,7,9,3,10,4,3,4,10,3,50,7,0,0,5,0,0,0,3,0,20,0,0,3,0,0,3,0,0,0,4,0,0,0,0,0,0,0,0,0,0,0,0,0,0,0,0,0,0,0,0,33,31,22,49,14,13,13,30,5,212
LGA36150,0,0,9,0,0,0,0,12,3,19,0,4,8,7,0,0,3,14,0,44,6,13,15,13,11,7,15,28,0,104,23,5,9,9,15,3,5,9,3,70,33,8,10,13,10,5,14,9,0,108,26,8,0,3,7,3,10,10,0,80,14,0,0,0,7,0,4,3,3,27,3,0,0,0,0,0,0,0,0,7,3,0,0,0,0,0,0,0,0,3,115,41,51,43,47,18,51,78,15,452
LGA36250,74,95,602,939,278,1652,172,920,59,4798,287,624,1364,1051,761,937,338,769,78,6212,1264,2307,2619,1245,1913,936,738,1145,196,12359,2202,3101,2316,1402,2427,1015,914,1177,260,14820,2759,3193,2325,1652,3196,1254,1094,1389,186,17051,1714,2192,1641,1157,2193,1001,947,1146,150,12136,363,482,285,205,411,230,204,288,64,2530,44,38,20,12,29,24,8,24,26,220,4,5,3,0,0,3,0,3,11,33,8723,12036,11172,7656,11209,7051,4418,6871,1034,70168
LGA36300,0,0,3,0,3,3,0,13,0,21,4,4,12,3,0,0,3,16,3,43,29,15,12,8,11,6,10,12,6,108,21,7,4,0,3,3,5,9,0,57,23,10,3,12,7,0,7,12,3,81,30,7,12,4,12,3,9,14,0,89,7,0,0,0,0,0,0,10,0,25,3,0,0,0,0,0,0,0,0,7,0,0,0,0,0,0,0,0,0,0,116,42,45,26,40,21,39,88,16,434
LGA36370,15,41,287,413,122,954,61,480,26,2409,141,410,794,581,385,534,179,495,50,3569,570,1485,1599,915,996,578,671,882,112,7812,667,1326,1116,769,948,417,650,876,84,6867,825,1222,1042,877,1103,508,795,811,109,7296,605,851,705,587,803,321,598,633,57,5170,197,164,106,85,135,81,128,131,15,1039,59,8,8,8,10,10,9,18,12,139,9,0,0,0,0,0,0,0,3,19,3101,5517,5657,4249,4510,3404,3093,4335,464,34314
LGA36510,10,15,162,214,48,294,20,277,14,1064,65,76,267,189,104,125,74,245,12,1165,247,348,499,228,274,151,189,354,38,2329,544,584,612,381,491,205,269,404,52,3540,690,681,642,477,586,270,389,524,49,4312,584,518,430,319,449,232,269,447,40,3289,312,185,100,67,99,73,80,110,21,1035,93,24,9,3,15,7,7,15,13,182,13,0,0,0,0,0,0,0,0,18,2564,2428,2725,1873,2058,1361,1299,2380,245,16926
LGA36580,10,3,93,79,27,147,13,160,12,538,34,43,148,90,41,101,41,165,6,671,138,195,307,162,157,95,140,369,17,1589,245,244,300,216,245,127,188,301,24,1896,327,273,276,258,282,122,284,324,44,2192,332,219,209,195,215,119,229,262,26,1797,154,45,44,27,51,29,61,65,19,498,37,9,3,0,4,4,3,4,10,66,4,0,0,0,3,0,0,0,0,11,1287,1022,1382,1036,1028,740,960,1650,158,9270
LGA36630,11,11,115,83,29,272,18,217,18,774,45,85,184,112,73,132,51,239,12,934,175,335,329,217,179,127,166,342,26,1893,306,333,305,320,246,131,234,327,44,2246,467,343,347,356,298,195,285,418,38,2742,436,326,266,264,257,133,227,282,24,2206,265,82,59,27,62,40,63,74,38,703,87,6,9,4,8,3,7,15,14,152,11,0,0,0,0,0,0,0,0,11,1797,1514,1610,1373,1155,1033,1053,1906,214,11656
LGA36660,33,14,163,148,43,301,22,284,24,1024,76,80,224,136,76,168,69,263,15,1109,244,278,359,222,207,176,177,452,30,2140,401,375,364,254,343,186,210,443,43,2633,545,476,377,385,409,218,319,512,36,3276,526,400,304,299,343,178,297,445,54,2841,312,95,70,54,75,63,80,106,22,877,101,4,5,0,9,13,3,13,7,165,15,3,0,0,0,0,0,0,5,29,2247,1730,1867,1501,1511,1309,1179,2510,241,14094
LGA36720,118,163,1033,1640,410,3024,199,1798,126,8514,554,997,2225,1995,1076,1860,415,1420,147,10681,2197,4811,4971,2895,2599,2028,1102,2203,313,23125,3846,6567,4885,3042,3782,2143,1350,2312,461,28396,4379,6727,4500,3433,4788,2672,1714,2755,417,31378,2969,4379,2850,2284,3328,2061,1379,2331,294,21866,908,1059,477,361,711,597,348,524,111,5097,130,99,33,25,38,38,32,58,51,502,19,13,6,0,3,3,0,6,24,72,15113,24815,20976,15682,16740,14425,6546,13400,1946,129641
LGA36820,12,13,97,91,25,226,13,167,3,647,40,43,135,86,45,78,28,151,8,609,162,239,247,147,151,104,102,186,21,1358,264,322,252,241,210,115,137,195,18,1768,415,387,271,297,313,151,203,280,27,2349,369,369,246,243,245,165,176,282,31,2137,198,93,60,45,77,49,61,63,24,666,48,13,4,3,12,4,5,7,13,113,6,0,0,0,3,0,0,0,0,11,1513,1486,1324,1148,1084,899,727,1326,154,9654
LGA36910,75,85,766,851,304,1534,88,1080,50,4830,348,733,1500,1079,834,926,316,1089,68,6892,1383,3085,2768,1569,1871,1017,928,1617,159,14394,1833,3163,2141,1451,2031,931,981,1460,163,14166,2287,3219,1901,1610,2362,981,1229,1706,186,15479,1825,2403,1353,1111,1732,804,1057,1317,156,11769,859,537,293,225,346,215,267,356,78,3167,215,38,25,17,19,19,17,41,41,430,30,0,7,3,4,3,3,3,10,58,8856,13270,10756,7914,9501,6435,4886,8661,910,71188
LGA36950,0,3,8,15,3,18,0,8,4,52,6,8,20,26,23,12,3,20,8,116,36,87,44,59,60,16,8,33,6,353,40,71,33,53,55,8,4,39,12,322,40,57,27,40,49,7,10,31,3,262,29,56,34,34,20,4,7,20,4,217,8,9,3,0,4,3,6,3,3,44,0,0,0,0,0,3,0,0,0,7,0,0,0,0,0,0,0,0,0,0,161,300,171,228,216,67,37,157,45,1379
LGA36960,0,3,3,3,3,6,0,3,3,25,0,26,11,18,12,13,0,14,6,99,16,51,31,46,32,21,8,33,13,242,33,44,30,37,33,14,4,38,13,236,21,40,24,46,35,3,6,37,3,208,8,39,20,21,16,6,0,19,7,137,0,7,3,0,0,0,0,6,0,14,0,0,0,0,0,0,0,0,0,0,0,0,0,0,0,0,0,0,0,0,72,207,113,170,128,64,14,159,46,974
LGA37010,65,98,611,1199,291,2112,176,1080,69,5693,419,1110,1821,2663,1014,1485,566,1016,141,10222,1621,4573,3737,3030,2382,1362,1373,1433,274,19779,2203,4112,2816,2154,2693,1146,1425,1434,296,18282,2327,3570,2317,2195,2941,1194,1514,1615,235,17905,1403,2317,1498,1257,1947,844,1186,1340,160,11951,283,458,273,209,361,186,240,313,40,2358,32,31,29,14,20,18,20,34,20,223,3,3,0,0,8,0,0,4,4,32,8364,16269,13093,12719,11662,8349,6504,8261,1244,86449
LGA37300,0,0,28,7,4,36,0,23,3,94,3,15,66,14,13,10,25,16,3,157,23,105,161,55,46,12,142,26,7,579,43,90,134,33,51,13,144,30,7,548,48,63,104,44,56,14,133,36,3,504,28,22,45,13,23,13,75,26,0,237,3,5,3,6,0,0,3,8,0,31,0,0,0,0,0,0,0,0,0,3,0,0,0,0,0,0,0,0,0,0,150,300,542,176,195,93,517,162,25,2152
LGA37310,29,20,176,124,54,303,23,208,11,934,70,139,332,120,124,145,105,202,17,1256,353,467,600,213,330,164,270,377,43,2812,542,418,499,261,376,187,321,349,42,2990,663,350,387,259,415,195,367,400,38,3074,642,212,258,160,242,146,283,307,36,2285,385,44,58,33,72,42,81,105,32,850,118,4,12,6,8,5,8,15,7,184,16,0,0,0,0,0,0,3,5,28,2815,1653,2322,1182,1615,1173,1460,1971,231,14418
LGA37340,7,9,135,100,18,301,33,177,17,800,94,100,294,284,82,157,68,344,20,1441,365,459,745,460,330,237,317,614,38,3571,469,442,602,319,391,213,427,382,36,3280,526,380,470,308,362,263,465,463,58,3287,447,291,327,203,286,200,350,398,52,2553,176,77,59,36,62,56,82,73,10,640,39,0,12,5,15,0,4,10,5,93,10,0,0,0,0,3,0,0,0,13,2127,1761,2651,1719,1547,1436,1748,2460,240,15681
LGA37400,3,0,9,7,0,3,0,3,0,23,4,6,6,4,7,6,0,12,0,47,22,7,24,9,7,13,8,19,3,109,30,8,10,11,3,3,14,15,0,88,42,4,17,16,14,4,13,12,3,127,56,12,12,7,11,3,10,16,3,123,18,3,5,0,0,0,0,8,3,41,5,0,0,0,0,0,0,0,0,5,3,0,0,0,0,0,0,0,0,3,172,45,73,50,47,28,48,86,11,572
LGA37550,0,0,0,3,3,3,0,0,0,12,0,0,0,4,0,0,3,5,3,17,5,6,0,12,4,0,0,9,3,39,6,3,3,11,10,3,0,3,0,38,0,3,0,7,3,5,4,10,4,46,7,8,0,8,0,0,3,3,0,30,0,0,3,0,0,0,0,4,0,4,0,0,0,0,0,0,0,0,0,0,0,0,0,0,0,0,0,0,0,0,20,23,15,60,22,10,9,35,11,193
LGA37570,0,0,0,0,0,0,0,0,0,3,0,0,0,0,0,0,0,0,0,8,0,3,0,4,0,0,0,0,0,14,3,0,0,3,4,0,0,0,0,14,0,4,0,3,0,0,3,4,0,15,0,3,0,5,0,0,0,0,0,7,0,0,0,0,0,0,0,0,0,0,0,0,0,0,0,0,0,0,0,0,0,0,0,0,0,0,0,0,0,0,7,9,7,17,9,0,7,14,0,64
LGA37600,0,0,0,0,3,0,0,0,3,13,0,4,10,18,4,0,0,5,3,43,4,13,6,23,6,4,5,13,5,87,9,14,10,17,7,0,3,18,3,75,12,18,9,17,11,0,0,12,4,86,4,6,0,10,0,0,4,3,5,39,0,0,0,0,3,0,0,0,0,5,0,0,0,0,0,0,0,0,0,0,0,0,0,0,0,0,0,0,0,0,21,60,35,93,42,8,10,50,25,343
LGA39499,11,0,16,20,8,25,3,30,0,103,25,25,39,86,22,39,21,207,7,480,67,164,133,137,59,44,70,310,27,1010,37,84,79,34,37,21,64,88,21,470,49,82,69,41,47,28,70,110,17,509,68,71,53,27,51,25,47,75,8,430,15,12,0,3,0,8,19,4,9,76,0,0,0,0,0,0,0,0,0,6,0,0,0,0,0,0,0,0,0,0,264,446,392,349,226,182,300,825,97,3087
LGA39799,0,0,0,0,0,3,0,0,0,8,0,0,0,0,0,0,0,0,0,3,0,3,0,0,3,0,0,3,0,9,0,0,0,0,3,0,0,0,0,8,0,3,3,0,0,3,0,0,0,11,5,4,3,0,3,0,0,3,0,19,0,0,0,0,0,0,0,0,0,3,0,0,0,0,0,0,0,0,0,0,0,0,0,0,0,0,0,0,0,0,13,8,9,0,7,7,0,6,4,60
